10;29;2,9
20;44;2,2
30;66;2,2
40;102;2,55
50;147;2,94
60;159;2,65
70;190;2,714285714
80;217;2,7125
90;252;2,8
100;286;2,86
110;322;2,927272727
120;354;2,95
130;395;3,038461538
140;424;3,028571429
150;461;3,073333333
160;499;3,11875
170;528;3,105882353
180;562;3,122222222
190;597;3,142105263
200;663;3,315
210;676;3,219047619
220;709;3,222727273
230;755;3,282608696
240;815;3,395833333
250;848;3,392
260;872;3,353846154
270;920;3,407407407
280;961;3,432142857
290;995;3,431034483
300;1058;3,526666667
310;1101;3,551612903
320;1131;3,534375
330;1163;3,524242424
340;1235;3,632352941
350;1259;3,597142857
360;1299;3,608333333
370;1332;3,6
380;1363;3,586842105
390;1398;3,584615385
400;1458;3,645
410;1543;3,763414634
420;1520;3,619047619
430;1557;3,620930233
440;1617;3,675
450;1667;3,704444444
460;1681;3,654347826
470;1738;3,69787234
480;1777;3,702083333
490;1951;3,981632653
500;2081;4,162
510;1896;3,717647059
520;1950;3,75
530;2043;3,854716981
540;2131;3,946296296
550;2114;3,843636364
560;2145;3,830357143
570;2165;3,798245614
580;2244;3,868965517
590;2304;3,905084746
600;2837;4,728333333
610;2803;4,595081967
620;2586;4,170967742
630;2668;4,234920635
640;2534;3,959375
650;3279;5,044615385
660;3184;4,824242424
670;2844;4,244776119
680;2655;3,904411765
690;2699;3,911594203
700;3178;4,54
710;2755;3,88028169
720;2840;3,944444444
730;2842;3,893150685
740;3116;4,210810811
750;2935;3,913333333
760;3061;4,027631579
770;3288;4,27012987
780;3379;4,332051282
790;3185;4,03164557
800;3268;4,085
810;4065;5,018518519
820;3517;4,28902439
830;3496;4,212048193
840;3525;4,196428571
850;3475;4,088235294
860;3630;4,220930233
870;3631;4,173563218
880;3585;4,073863636
890;4011;4,506741573
900;3698;4,108888889
910;3733;4,102197802
920;3804;4,134782609
930;3950;4,247311828
940;4118;4,380851064
950;3965;4,173684211
960;4562;4,752083333
970;4274;4,406185567
980;4076;4,159183673
990;4163;4,205050505
1000;4160;4,16
1010;4286;4,243564356
1020;4260;4,176470588
1030;4397;4,268932039
1040;4314;4,148076923
1050;5006;4,767619048
1060;4662;4,398113208
1070;4570;4,271028037
1080;6212;5,751851852
1090;4881;4,477981651
1100;6903;6,275454545
1110;5528;4,98018018
1120;5973;5,333035714
1130;5395;4,774336283
1140;5218;4,577192982
1150;5904;5,133913043
1160;5343;4,606034483
1170;5298;4,528205128
1180;5663;4,799152542
1190;5634;4,734453782
1200;5796;4,83
1210;6012;4,968595041
1220;5853;4,797540984
1230;6599;5,36504065
1240;7453;6,010483871
1250;6502;5,2016
1260;7365;5,845238095
1270;9047;7,123622047
1280;8186;6,3953125
1290;8930;6,92248062
1300;9002;6,924615385
1310;6997;5,341221374
1320;7725;5,852272727
1330;6767;5,087969925
1340;5995;4,473880597
1350;7197;5,331111111
1360;6259;4,602205882
1370;6666;4,865693431
1380;7600;5,507246377
1390;6881;4,950359712
1400;6898;4,927142857
1410;6889;4,885815603
1420;9533;6,713380282
1430;9707;6,788111888
1440;6618;4,595833333
1450;6999;4,826896552
1460;6553;4,488356164
1470;6906;4,697959184
1480;6821;4,608783784
1490;6878;4,616107383
1500;6838;4,558666667
1510;6848;4,535099338
1520;6739;4,433552632
1530;7429;4,855555556
1540;7735;5,022727273
1550;7434;4,796129032
1560;7342;4,706410256
1570;7826;4,984713376
1580;6846;4,332911392
1590;6892;4,334591195
1600;7250;4,53125
1610;7218;4,483229814
1620;7428;4,585185185
1630;7337;4,501226994
1640;7325;4,466463415
1650;7288;4,416969697
1660;7884;4,74939759
1670;8377;5,016167665
1680;8296;4,938095238
1690;9059;5,36035503
1700;8614;5,067058824
1710;9493;5,551461988
1720;7898;4,591860465
1730;9040;5,225433526
1740;9227;5,302873563
1750;12980;7,417142857
1760;10335;5,872159091
1770;9479;5,355367232
1780;8973;5,041011236
1790;8424;4,706145251
1800;8306;4,614444444
1810;8650;4,779005525
1820;8143;4,474175824
1830;8722;4,766120219
1840;8448;4,591304348
1850;8348;4,512432432
1860;9034;4,856989247
1870;8351;4,465775401
1880;9136;4,859574468
1890;8599;4,54973545
1900;8484;4,465263158
1910;8819;4,617277487
1920;8929;4,650520833
1930;8636;4,474611399
1940;8689;4,478865979
1950;8764;4,494358974
1960;8810;4,494897959
1970;9197;4,668527919
1980;8871;4,48030303
1990;8971;4,508040201
2000;8971;4,4855
2010;9233;4,593532338
2020;9517;4,711386139
2030;9118;4,491625616
2040;9584;4,698039216
2050;9168;4,472195122
2060;9239;4,484951456
2070;9306;4,495652174
2080;9913;4,765865385
2090;9642;4,613397129
2100;10149;4,832857143
2110;10051;4,763507109
2120;9915;4,676886792
2130;10167;4,773239437
2140;9936;4,642990654
2150;10716;4,984186047
2160;9817;4,544907407
2170;10117;4,662211982
2180;10209;4,683027523
2190;10294;4,700456621
2200;9958;4,526363636
2210;10309;4,664705882
2220;10340;4,657657658
2230;10095;4,52690583
2240;10173;4,541517857
2250;10161;4,516
2260;10210;4,517699115
2270;10245;4,513215859
2280;10536;4,621052632
2290;10375;4,530567686
2300;10479;4,556086957
2310;10822;4,684848485
2320;12108;5,218965517
2330;10638;4,565665236
2340;10604;4,531623932
2350;10637;4,526382979
2360;10692;4,530508475
2370;10741;4,532067511
2380;10810;4,542016807
2390;10858;4,543096234
2400;10863;4,52625
2410;10923;4,532365145
2420;10958;4,528099174
2430;11415;4,697530864
2440;11204;4,591803279
2450;11239;4,587346939
2460;11990;4,87398374
2470;11962;4,84291498
2480;11542;4,654032258
2490;11429;4,589959839
2500;11479;4,5916
2510;12154;4,842231076
2520;11976;4,752380952
2530;11689;4,620158103
2540;11654;4,588188976
2550;12140;4,760784314
2560;11845;4,626953125
2570;11874;4,620233463
2580;11917;4,618992248
2590;11979;4,625096525
2600;12017;4,621923077
2610;12046;4,61532567
2620;12061;4,603435115
2630;12327;4,687072243
2640;12172;4,610606061
2650;12360;4,664150943
2660;12387;4,656766917
2670;12373;4,634082397
2680;12359;4,611567164
2690;12398;4,608921933
2700;12484;4,623703704
2710;12658;4,670848708
2720;12870;4,731617647
2730;12581;4,608424908
2740;12662;4,621167883
2750;12730;4,629090909
2760;12749;4,619202899
2770;12801;4,621299639
2780;12940;4,654676259
2790;12978;4,651612903
2800;13003;4,643928571
2810;13053;4,64519573
2820;14072;4,990070922
2830;17154;6,061484099
2840;13275;4,674295775
2850;13258;4,651929825
2860;13294;4,648251748
2870;13331;4,644947735
2880;13357;4,637847222
2890;13398;4,635986159
2900;13611;4,693448276
2910;13569;4,662886598
2920;13574;4,648630137
2930;13609;4,644709898
2940;13709;4,66292517
2950;13747;4,66
2960;13868;4,685135135
2970;13776;4,638383838
2980;14489;4,862080537
2990;13902;4,649498328
3000;14392;4,797333333
3010;14721;4,890697674
3020;14442;4,782119205
3030;14585;4,813531353
3040;14567;4,791776316
3050;15568;5,104262295
3060;15122;4,941830065
3070;14812;4,8247557
3080;14782;4,799350649
3090;14833;4,800323625
3100;15013;4,842903226
3110;14916;4,796141479
3120;15060;4,826923077
3130;14963;4,780511182
3140;15103;4,809872611
3150;15136;4,805079365
3160;15231;4,819936709
3170;15177;4,787697161
3180;15344;4,825157233
3190;15495;4,857366771
3200;15333;4,7915625
3210;15412;4,801246106
3220;15497;4,812732919
3230;15512;4,80247678
3240;15546;4,798148148
3250;16071;4,944923077
3260;15750;4,831288344
3270;15703;4,802140673
3280;15715;4,791158537
3290;15767;4,792401216
3300;15825;4,795454545
3310;15829;4,782175227
3320;15943;4,802108434
3330;15975;4,797297297
3340;16513;4,944011976
3350;17377;5,187164179
3360;16228;4,829761905
3370;16165;4,796735905
3380;16721;4,94704142
3390;16230;4,787610619
3400;16305;4,795588235
3410;16409;4,81202346
3420;16513;4,828362573
3430;16504;4,811661808
3440;16523;4,803197674
3450;17399;5,043188406
3460;16651;4,812427746
3470;16895;4,868876081
3480;16797;4,826724138
3490;16761;4,802578797
3500;16835;4,81
3510;16928;4,822792023
3520;17161;4,875284091
3530;17073;4,836543909
3540;17840;5,039548023
3550;17136;4,827042254
3560;17107;4,805337079
3570;17287;4,842296919
3580;17224;4,811173184
3590;17286;4,815041783
3600;17331;4,814166667
3610;17377;4,813573407
3620;17526;4,841436464
3630;18050;4,972451791
3640;17704;4,863736264
3650;17602;4,822465753
3660;17696;4,834972678
3670;17698;4,822343324
3680;17764;4,827173913
3690;17771;4,81598916
3700;18018;4,86972973
3710;17901;4,825067385
3720;18500;4,97311828
3730;17981;4,820643432
3740;18165;4,856951872
3750;18087;4,8232
3760;18139;4,824202128
3770;18297;4,85331565
3780;18356;4,856084656
3790;18487;4,877836412
3800;18503;4,869210526
3810;18531;4,863779528
3820;18529;4,85052356
3830;18572;4,849086162
3840;18729;4,87734375
3850;18719;4,862077922
3860;19825;5,136010363
3870;18786;4,854263566
3880;18781;4,840463918
3890;19130;4,917737789
3900;18931;4,854102564
3910;18940;4,84398977
3920;19037;4,856377551
3930;19081;4,855216285
3940;19163;4,863705584
3950;19207;4,862531646
3960;19205;4,849747475
3970;19331;4,869269521
3980;19311;4,85201005
3990;19368;4,854135338
4000;19408;4,852
4010;19487;4,859600998
4020;19598;4,875124378
4030;19541;4,848883375
4040;19705;4,877475248
4050;19985;4,934567901
4060;19805;4,878078818
4070;19837;4,873955774
4080;19801;4,853186275
4090;19914;4,868948655
4100;19924;4,859512195
4110;20020;4,871046229
4120;20067;4,870631068
4130;20350;4,927360775
4140;20170;4,871980676
4150;20200;4,86746988
4160;20260;4,870192308
4170;20319;4,872661871
4180;20346;4,867464115
4190;20407;4,870405728
4200;20432;4,864761905
4210;20758;4,93064133
4220;20541;4,867535545
4230;20592;4,868085106
4240;20610;4,860849057
4250;20711;4,873176471
4260;20749;4,870657277
4270;20814;4,874473068
4280;20902;4,88364486
4290;20863;4,863170163
4300;20933;4,868139535
4310;20979;4,867517401
4320;21328;4,937037037
4330;21601;4,988683603
4340;22050;5,080645161
4350;21812;5,014252874
4360;32492;7,452293578
4370;25127;5,749885584
4380;23450;5,353881279
4390;21619;4,924601367
4400;21632;4,916363636
4410;21721;4,925396825
4420;22634;5,12081448
4430;21792;4,919187359
4440;21860;4,923423423
4450;21956;4,933932584
4460;21946;4,920627803
4470;22034;4,929306488
4480;22027;4,916741071
4490;22142;4,931403118
4500;22148;4,921777778
4510;22249;4,933259424
4520;22455;4,967920354
4530;22324;4,92803532
4540;22360;4,925110132
4550;22502;4,945494505
4560;23507;5,15504386
4570;22519;4,927571116
4580;22553;4,924235808
4590;22661;4,937037037
4600;22650;4,923913043
4610;22709;4,926030369
4620;22793;4,933549784
4630;22942;4,955075594
4640;22842;4,922844828
4650;23827;5,124086022
4660;22942;4,923175966
4670;22996;4,924197002
4680;23119;4,939957265
4690;23175;4,941364606
4700;23264;4,949787234
4710;23428;4,974097665
4720;23312;4,938983051
4730;23331;4,93255814
4740;23344;4,924894515
4750;23439;4,934526316
4760;23913;5,023739496
4770;23542;4,935429769
4780;23617;4,940794979
4790;23638;4,934864301
4800;23722;4,942083333
4810;23771;4,941995842
4820;23808;4,939419087
4830;23936;4,955693582
4840;23900;4,938016529
4850;23948;4,937731959
4860;23954;4,928806584
4870;24093;4,947227926
4880;24305;4,980532787
4890;24261;4,961349693
4900;24418;4,983265306
4910;24289;4,946843177
4920;24330;4,945121951
4930;24413;4,951926978
4940;24492;4,957894737
4950;24528;4,955151515
4960;24629;4,965524194
4970;24657;4,961167002
4980;24659;4,951606426
4990;24706;4,951102204
5000;24774;4,9548
5010;24825;4,95508982
5020;24963;4,972709163
5030;24910;4,952286282
5040;24977;4,955753968
5050;25077;4,965742574
5060;25226;4,985375494
5070;25108;4,952268245
5080;25199;4,960433071
5090;25287;4,967976424
5100;25280;4,956862745
5110;25394;4,969471624
5120;25405;4,961914063
5130;25458;4,962573099
5140;25618;4,984046693
5150;25616;4,973980583
5160;25816;5,003100775
5170;25673;4,965764023
5180;25750;4,971042471
5190;26570;5,119460501
5200;25841;4,969423077
5210;25967;4,984069098
5220;25929;4,967241379
5230;26134;4,996940727
5240;26157;4,991793893
5250;26256;5,001142857
5260;26281;4,996387833
5270;26407;5,010815939
5280;26353;4,991098485
5290;26447;4,999432892
5300;26523;5,004339623
5310;26493;4,989265537
5320;26579;4,996052632
5330;26690;5,00750469
5340;26712;5,002247191
5350;26728;4,99588785
5360;26798;4,999626866
5370;26946;5,017877095
5380;27116;5,040148699
5390;27909;5,177922078
5400;27125;5,023148148
5410;27573;5,096672828
5420;28024;5,170479705
5430;27277;5,023388582
5440;28518;5,242279412
5450;27496;5,045137615
5460;27331;5,005677656
5470;27370;5,003656307
5480;27383;4,99689781
5490;27452;5,000364299
5500;27561;5,011090909
5510;27612;5,011252269
5520;27737;5,024818841
5530;27601;4,991139241
5540;27704;5,000722022
5550;27770;5,003603604
5560;29120;5,237410072
5570;27913;5,011310592
5580;28417;5,09265233
5590;27986;5,006440072
5600;27979;4,99625
5610;28217;5,029768271
5620;28159;5,010498221
5630;28272;5,021669627
5640;28380;5,031914894
5650;28307;5,010088496
5660;28434;5,023674912
5670;28387;5,006525573
5680;28414;5,002464789
5690;28494;5,007732865
5700;28540;5,007017544
5710;29238;5,120490368
5720;28728;5,022377622
5730;28706;5,009773124
5740;28709;5,001567944
5750;28766;5,002782609
5760;28835;5,006076389
5770;28831;4,996707106
5780;29970;5,185121107
5790;29578;5,108462867
5800;29649;5,111896552
5810;29953;5,155421687
5820;29705;5,10395189
5830;29960;5,138936535
5840;30350;5,196917808
5850;29832;5,099487179
5860;29876;5,098293515
5870;29966;5,104940375
5880;31295;5,322278912
5890;30286;5,141935484
5900;30084;5,098983051
5910;30818;5,214551607
5920;30304;5,118918919
5930;30288;5,107588533
5940;30356;5,11043771
5950;30373;5,104705882
5960;30451;5,109228188
5970;30548;5,116917923
5980;30519;5,103511706
5990;30718;5,128213689
6000;30609;5,1015
6010;30712;5,11014975
6020;30774;5,111960133
6030;31014;5,143283582
6040;30925;5,120033113
6050;30947;5,115206612
6060;30982;5,112541254
6070;30980;5,103789127
6080;31136;5,121052632
6090;31643;5,19589491
6100;31151;5,106721311
6110;31189;5,104582651
6120;31238;5,104248366
6130;32086;5,234257749
6140;31614;5,148859935
6150;31532;5,127154472
6160;31483;5,110876623
6170;31906;5,171150729
6180;31829;5,150323625
6190;31784;5,134733441
6200;31685;5,110483871
6210;31782;5,117874396
6220;31813;5,114630225
6230;31895;5,119582665
6240;33392;5,351282051
6250;31941;5,11056
6260;32055;5,120607029
6270;32044;5,110685805
6280;32135;5,117038217
6290;32242;5,125914149
6300;32308;5,128253968
6310;32329;5,123454834
6320;33648;5,324050633
6330;32411;5,120221169
6340;32506;5,127129338
6350;32496;5,117480315
6360;32605;5,126572327
6370;32628;5,122135008
6380;32761;5,134952978
6390;32818;5,135837246
6400;32803;5,12546875
6410;32930;5,137285491
6420;32914;5,126791277
6430;32886;5,114463453
6440;33100;5,139751553
6450;33583;5,206666667
6460;33245;5,14628483
6470;33510;5,179289026
6480;34991;5,399845679
6490;34553;5,32403698
6500;33773;5,195846154
6510;33679;5,173425499
6520;33902;5,199693252
6530;34025;5,210566616
6540;33700;5,152905199
6550;34061;5,200152672
6560;33808;5,153658537
6570;33733;5,134398782
6580;34285;5,210486322
6590;33871;5,139757208
6600;33997;5,151060606
6610;33966;5,138577912
6620;34094;5,150151057
6630;34401;5,188687783
6640;34349;5,173042169
6650;34259;5,151729323
6660;34402;5,165465465
6670;34352;5,150224888
6680;34406;5,150598802
6690;34597;5,171449925
6700;34495;5,148507463
6710;34555;5,149776453
6720;35985;5,354910714
6730;34539;5,132095097
6740;34585;5,131305638
6750;34742;5,146962963
6760;34993;5,17647929
6770;34789;5,138700148
6780;35080;5,174041298
6790;34887;5,137997054
6800;34935;5,1375
6810;35330;5,187958884
6820;35027;5,135923754
6830;35867;5,251390922
6840;35165;5,141081871
6850;35396;5,16729927
6860;35296;5,145189504
6870;35298;5,137991266
6880;35340;5,136627907
6890;35348;5,130333817
6900;36713;5,320724638
6910;35691;5,16512301
6920;35561;5,138872832
6930;35574;5,133333333
6940;35887;5,171037464
6950;35744;5,143021583
6960;35802;5,143965517
6970;35841;5,142180775
6980;35899;5,143123209
6990;35993;5,149213162
7000;36139;5,162714286
7010;36058;5,143794579
7020;36185;5,154558405
7030;36309;5,164864865
7040;36259;5,150426136
7050;36222;5,13787234
7060;36233;5,132152975
7070;36542;5,168599717
7080;36368;5,136723164
7090;36488;5,146403385
7100;36471;5,136760563
7110;36990;5,202531646
7120;37027;5,200421348
7130;36841;5,167040673
7140;37514;5,254061625
7150;38327;5,36041958
7160;47963;6,698743017
7170;43075;6,007670851
7180;37946;5,284958217
7190;37218;5,17635605
7200;37693;5,235138889
7210;37238;5,164771151
7220;38326;5,308310249
7230;37416;5,175103734
7240;38449;5,310635359
7250;37518;5,174896552
7260;37752;5,2
7270;38157;5,248555708
7280;37935;5,210851648
7290;37671;5,167489712
7300;37739;5,169726027
7310;37785;5,168946648
7320;38055;5,198770492
7330;37924;5,173806276
7340;39410;5,369209809
7350;38001;5,170204082
7360;38190;5,188858696
7370;38106;5,170420624
7380;39040;5,2899729
7390;38308;5,18376184
7400;38367;5,18472973
7410;38352;5,175708502
7420;38560;5,196765499
7430;38445;5,174293405
7440;39145;5,261424731
7450;38601;5,181342282
7460;38644;5,180160858
7470;38646;5,173493976
7480;38945;5,206550802
7490;41679;5,564619493
7500;38803;5,173733333
7510;38904;5,180292943
7520;38951;5,179654255
7530;39260;5,213811421
7540;39122;5,188594164
7550;39052;5,172450331
7560;39219;5,187698413
7570;39453;5,211756935
7580;39208;5,172559367
7590;39316;5,17997365
7600;39312;5,172631579
7610;39608;5,204730618
7620;39466;5,179265092
7630;39541;5,182306684
7640;39461;5,165052356
7650;40249;5,26130719
7660;39691;5,181592689
7670;39766;5,184615385
7680;40015;5,210286458
7690;39925;5,191807542
7700;39991;5,193636364
7710;39963;5,183268482
7720;40034;5,185751295
7730;40218;5,202846054
7740;40139;5,185917313
7750;40743;5,25716129
7760;40469;5,21507732
7770;40422;5,202316602
7780;40287;5,178277635
7790;40410;5,187419769
7800;40458;5,186923077
7810;40568;5,194366197
7820;40534;5,183375959
7830;40826;5,214048531
7840;41296;5,267346939
7850;41290;5,259872611
7860;41812;5,319592875
7870;40867;5,192757306
7880;40928;5,193908629
7890;41094;5,208365019
7900;40948;5,183291139
7910;40993;5,182427307
7920;41143;5,194823232
7930;42074;5,305674653
7940;41515;5,228589421
7950;41272;5,191446541
7960;43550;5,471105528
7970;41834;5,248933501
7980;42885;5,37406015
7990;41797;5,231163955
8000;42761;5,345125
8010;42030;5,247191011
8020;42161;5,256982544
8030;41686;5,19128269
8040;41854;5,205721393
8050;41773;5,189192547
8060;41881;5,196153846
8070;41935;5,196406444
8080;42070;5,206683168
8090;42053;5,198145859
8100;42060;5,192592593
8110;42233;5,207521578
8120;42250;5,20320197
8130;42233;5,194710947
8140;42361;5,204054054
8150;42472;5,211288344
8160;42375;5,193014706
8170;42402;5,18996328
8180;42705;5,220660147
8190;42955;5,244810745
8200;42813;5,221097561
8210;42808;5,214129111
8220;43032;5,235036496
8230;42982;5,222600243
8240;43030;5,222087379
8250;43066;5,220121212
8260;43186;5,228329298
8270;43163;5,219226119
8280;43188;5,215942029
8290;43213;5,212665862
8300;43429;5,232409639
8310;43343;5,21576414
8320;43464;5,224038462
8330;43439;5,214765906
8340;43559;5,222901679
8350;43545;5,21497006
8360;43661;5,222607656
8370;43774;5,229868578
8380;43984;5,248687351
8390;43768;5,216686532
8400;43855;5,220833333
8410;44023;5,234601665
8420;43996;5,225178147
8430;44039;5,224080664
8440;44319;5,251066351
8450;44453;5,260710059
8460;44214;5,226241135
8470;44181;5,216174734
8480;44372;5,23254717
8490;44277;5,215194346
8500;44365;5,219411765
8510;44452;5,223501763
8520;44562;5,23028169
8530;44585;5,226846424
8540;44569;5,218852459
8550;44737;5,232397661
8560;44765;5,229556075
8570;44830;5,231038506
8580;44780;5,219114219
8590;45075;5,247380675
8600;44956;5,22744186
8610;44971;5,22311266
8620;45069;5,228422274
8630;45122;5,228505214
8640;45255;5,237847222
8650;45498;5,259884393
8660;45400;5,242494226
8670;45324;5,227681661
8680;45397;5,230069124
8690;45356;5,219332566
8700;45476;5,227126437
8710;45723;5,249483352
8720;45643;5,234288991
8730;46417;5,316953036
8740;46097;5,274256293
8750;46161;5,275542857
8760;46258;5,280593607
8770;46415;5,292474344
8780;46373;5,28166287
8790;47331;5,384641638
8800;46583;5,293522727
8810;47209;5,358569807
8820;46761;5,30170068
8830;46952;5,317327293
8840;48191;5,451470588
8850;47255;5,339548023
8860;47073;5,312979684
8870;48820;5,503945885
8880;48140;5,421171171
8890;46957;5,28200225
8900;48069;5,401011236
8910;46986;5,273400673
8920;47074;5,27735426
8930;47954;5,369988802
8940;47965;5,365212528
8950;47268;5,281340782
8960;47295;5,278459821
8970;48080;5,360089186
8980;47488;5,288195991
8990;47507;5,284427141
9000;48371;5,374555556
9010;47612;5,284350721
9020;47648;5,28248337
9030;48320;5,351052049
9040;48041;5,314269912
9050;47716;5,272486188
9060;47776;5,273289183
9070;48010;5,293274531
9080;48355;5,325440529
9090;47991;5,279537954
9100;48647;5,345824176
9110;48148;5,28518112
9120;48139;5,278399123
9130;48255;5,285323111
9140;48220;5,27571116
9150;48272;5,275628415
9160;48443;5,288537118
9170;50667;5,525299891
9180;48501;5,283333333
9190;48511;5,27867247
9200;48687;5,292065217
9210;48658;5,283170467
9220;48840;5,297180043
9230;48889;5,296749729
9240;48758;5,276839827
9250;48852;5,281297297
9260;49259;5,319546436
9270;49007;5,286623517
9280;50050;5,393318966
9290;49513;5,329709365
9300;49745;5,348924731
9310;49188;5,283351235
9320;49271;5,286587983
9330;49423;5,29721329
9340;49354;5,284154176
9350;49456;5,289411765
9360;49533;5,291987179
9370;49506;5,283457844
9380;49772;5,306183369
9390;49721;5,295101171
9400;49671;5,284148936
9410;49726;5,284378321
9420;50107;5,319214437
9430;49875;5,288971368
9440;49985;5,295021186
9450;49925;5,283068783
9460;50056;5,291331924
9470;50251;5,306335797
9480;50120;5,286919831
9490;50355;5,306111697
9500;50230;5,287368421
9510;50414;5,301156677
9520;50954;5,352310924
9530;50574;5,306820567
9540;50395;5,282494759
9550;50562;5,294450262
9560;50686;5,301882845
9570;51295;5,359979101
9580;51616;5,387891441
9590;51037;5,32189781
9600;50835;5,2953125
9610;73238;7,621019771
9620;53760;5,588357588
9630;51310;5,328141225
9640;51197;5,310892116
9650;51451;5,331709845
9660;51422;5,323188406
9670;51411;5,316546019
9680;51312;5,300826446
9690;51567;5,321671827
9700;51380;5,296907216
9710;51559;5,309886715
9720;51938;5,343415638
9730;52611;5,40709147
9740;52612;5,40164271
9750;53404;5,477333333
9760;52209;5,349282787
9770;51865;5,308597748
9780;51893;5,30603272
9790;51875;5,298774259
9800;51935;5,299489796
9810;52016;5,302344546
9820;52084;5,303869654
9830;52592;5,350152594
9840;56228;5,714227642
9850;54838;5,567309645
9860;55397;5,618356998
9870;53156;5,385612969
9880;52408;5,304453441
9890;52507;5,309100101
9900;52806;5,333939394
9910;52505;5,298183653
9920;53087;5,351512097
9930;52933;5,3306143
9940;52871;5,319014085
9950;52745;5,301005025
9960;52810;5,302208835
9970;53083;5,324272818
9980;53360;5,346693387
9990;53441;5,349449449
10000;53207;5,3207
10010;53596;5,354245754
10020;53309;5,320259481
10030;53445;5,328514457
10040;53556;5,334262948
10050;53535;5,326865672
10060;53589;5,32693837
10070;53744;5,337040715
10080;53653;5,322718254
10090;53719;5,323984143
10100;53953;5,341881188
10110;53903;5,33165183
10120;53863;5,32243083
10130;53982;5,328923988
10140;54003;5,325739645
10150;54226;5,342463054
10160;54854;5,399015748
10170;54154;5,324877089
10180;54202;5,324361493
10190;54316;5,330323847
10200;54288;5,322352941
10210;54325;5,320763957
10220;54456;5,328375734
10230;54539;5,331280547
10240;54498;5,322070313
10250;54622;5,32897561
10260;54726;5,333918129
10270;55082;5,36338851
10280;54842;5,334824903
10290;55060;5,350826045
10300;55643;5,40223301
10310;55874;5,419398642
10320;55001;5,329554264
10330;55151;5,338915779
10340;55625;5,37959381
10350;55120;5,325603865
10360;55443;5,351640927
10370;56676;5,465380906
10380;55401;5,337283237
10390;55913;5,381424447
10400;55587;5,344903846
10410;55422;5,323919308
10420;55675;5,343090211
10430;55652;5,335762224
10440;55604;5,32605364
10450;56370;5,394258373
10460;55748;5,329636711
10470;56110;5,359121299
10480;57322;5,469656489
10490;56186;5,356148713
10500;57292;5,456380952
10510;56823;5,406565176
10520;56614;5,381558935
10530;56116;5,329154796
10540;56982;5,40626186
10550;56782;5,382180095
10560;56522;5,352462121
10570;56956;5,3884579
10580;56623;5,351890359
10590;56595;5,344192635
10600;56513;5,331415094
10610;56596;5,334213007
10620;58669;5,524387947
10630;56721;5,33593603
10640;56737;5,332424812
10650;57257;5,376244131
10660;56811;5,329362101
10670;57024;5,344329897
10680;57188;5,354681648
10690;57009;5,33292797
10700;57313;5,35635514
10710;58571;5,468814192
10720;57438;5,358022388
10730;57404;5,349860205
10740;57429;5,347206704
10750;57835;5,38
10760;62259;5,786152416
10770;57955;5,381151346
10780;58229;5,401576994
10790;58403;5,412696942
10800;57706;5,343148148
10810;57735;5,340888067
10820;57830;5,344731978
10830;57890;5,345337027
10840;58114;5,361070111
10850;59360;5,470967742
10860;58330;5,371086556
10870;58156;5,350137994
10880;58174;5,346875
10890;58192;5,343617998
10900;58371;5,355137615
10910;58217;5,336113657
10920;58300;5,338827839
10930;59096;5,406770357
10940;58712;5,366727605
10950;58615;5,352968037
10960;58582;5,345072993
10970;58833;5,36308113
10980;59194;5,391074681
10990;58696;5,340855323
11000;58728;5,338909091
11010;59093;5,367211626
11020;59109;5,363793103
11030;59363;5,381958296
11040;59884;5,424275362
11050;60265;5,453846154
11060;62031;5,608589512
11070;60848;5,496657633
11080;59478;5,368050542
11090;59477;5,363119928
11100;59524;5,362522523
11110;59830;5,385238524
11120;60308;5,423381295
11130;59617;5,356424079
11140;59892;5,376301616
11150;59846;5,36735426
11160;59822;5,360394265
11170;59987;5,370367055
11180;59895;5,357334526
11190;60240;5,383378016
11200;60277;5,381875
11210;60169;5,367439786
11220;60319;5,376024955
11230;60321;5,37141585
11240;60351;5,36930605
11250;60386;5,367644444
11260;60237;5,34964476
11270;60389;5,358385093
11280;60803;5,390336879
11290;60525;5,360938884
11300;60880;5,387610619
11310;60564;5,354907162
11320;60777;5,368992933
11330;62171;5,48729038
11340;60759;5,357936508
11350;61011;5,375418502
11360;67174;5,913204225
11370;66013;5,8058927
11380;61244;5,38172232
11390;60988;5,35452151
11400;61930;5,43245614
11410;61247;5,367835232
11420;61273;5,365411559
11430;61594;5,3888014
11440;61482;5,374300699
11450;61488;5,370131004
11460;63415;5,533595113
11470;62576;5,455623365
11480;62595;5,452526132
11490;61946;5,39129678
11500;62432;5,428869565
11510;62596;5,43840139
11520;61755;5,360677083
11530;61802;5,360104076
11540;61857;5,360225303
11550;62073;5,374285714
11560;63294;5,475259516
11570;63539;5,491702679
11580;63278;5,464421416
11590;63343;5,465314927
11600;63320;5,45862069
11610;64989;5,597674419
11620;63507;5,465318417
11630;63540;5,463456578
11640;63663;5,469329897
11650;65414;5,614935622
11660;64004;5,489193825
11670;63909;5,476349614
11680;64417;5,51515411
11690;63976;5,472711719
11700;64273;5,493418803
11710;64919;5,543894108
11720;64034;5,463651877
11730;64770;5,52173913
11740;64117;5,461413969
11750;64284;5,470978723
11760;66116;5,622108844
11770;64300;5,463041631
11780;64365;5,463921902
11790;64452;5,466666667
11800;64463;5,462966102
11810;65033;5,506604572
11820;64660;5,470389171
11830;64672;5,466779374
11840;64806;5,47347973
11850;66588;5,619240506
11860;66611;5,616441821
11870;66633;5,613563606
11880;65057;5,476178451
11890;67582;5,683936081
11900;65705;5,521428571
11910;65342;5,486314022
11920;65125;5,463506711
11930;67029;5,618524728
11940;65350;5,47319933
11950;65262;5,46125523
11960;65823;5,503595318
11970;65417;5,465079365
11980;65896;5,500500835
11990;66300;5,529608007
12000;65654;5,471166667
12010;66389;5,527810158
12020;65781;5,472628952
12030;66464;5,52485453
12040;65883;5,472009967
12050;67136;5,571452282
12060;65972;5,470315091
12070;66448;5,505219553
12080;66173;5,477897351
12090;66031;5,461621175
12100;66788;5,519669421
12110;66248;5,470520231
12120;66358;5,475082508
12130;67210;5,540807914
12140;66538;5,480889621
12150;66584;5,480164609
12160;66801;5,493503289
12170;66496;5,463927691
12180;67150;5,513136289
12190;66584;5,462182116
12200;67381;5,523032787
12210;67169;5,501146601
12220;67892;5,555810147
12230;69036;5,64480785
12240;68095;5,563316993
12250;67452;5,506285714
12260;67038;5,468026101
12270;67102;5,468785656
12280;67437;5,491612378
12290;67254;5,472253865
12300;67976;5,526504065
12310;67781;5,506173842
12320;67519;5,480438312
12330;67624;5,484509327
12340;67573;5,475931929
12350;68803;5,571093117
12360;67823;5,487297735
12370;69799;5,642603072
12380;67934;5,487399031
12390;67978;5,486521388
12400;67875;5,473790323
12410;68012;5,480419017
12420;69080;5,561996779
12430;68541;5,514159292
12440;68524;5,508360129
12450;68970;5,539759036
12460;68329;5,483868379
12470;69534;5,576102646
12480;68307;5,473317308
12490;69360;5,553242594
12500;68448;5,47584
12510;68568;5,481055156
12520;68393;5,462699681
12530;68717;5,484197925
12540;68732;5,481020734
12550;68646;5,469800797
12560;68964;5,490764331
12570;68898;5,481145585
12580;69112;5,493799682
12590;69008;5,481175536
12600;69149;5,488015873
12610;69421;5,505233941
12620;68971;5,465213946
12630;69202;5,479176564
12640;69195;5,474287975
12650;69301;5,478339921
12660;69434;5,484518167
12670;69362;5,474506709
12680;69424;5,475078864
12690;69562;5,481639086
12700;70012;5,512755906
12710;69692;5,483241542
12720;69805;5,487814465
12730;69540;5,462686567
12740;70099;5,502276295
12750;69762;5,471529412
12760;69935;5,480799373
12770;70457;5,517384495
12780;69805;5,462050078
12790;80981;6,331587177
12800;74346;5,80828125
12810;72905;5,691256831
12820;72005;5,616614665
12830;72090;5,618862042
12840;70281;5,473598131
12850;70224;5,464902724
12860;70632;5,492379471
12870;70277;5,460528361
12880;70766;5,494254658
12890;71076;5,514041893
12900;70986;5,502790698
12910;70808;5,484740511
12920;70735;5,474845201
12930;70930;5,485692189
12940;70940;5,482225657
12950;71131;5,492741313
12960;71073;5,484027778
12970;71588;5,519506554
12980;71117;5,478967643
12990;71430;5,498845266
13000;73148;5,626769231
13010;71291;5,479707917
13020;71488;5,4906298
13030;71638;5,497927859
13040;71780;5,504601227
13050;72631;5,56559387
13060;71794;5,497243492
13070;71639;5,481178271
13080;72205;5,520259939
13090;71777;5,483346066
13100;71822;5,48259542
13110;71946;5,487871854
13120;71846;5,476067073
13130;72320;5,507996954
13140;72345;5,505707763
13150;72803;5,53634981
13160;72117;5,480015198
13170;72368;5,49491268
13180;72199;5,477921093
13190;72849;5,523047763
13200;72542;5,495606061
13210;72496;5,487963664
13220;72732;5,501664145
13230;74115;5,602040816
13240;73870;5,579305136
13250;72606;5,479698113
13260;72835;5,492835596
13270;73007;5,501657875
13280;73602;5,542319277
13290;72962;5,489992476
13300;72879;5,47962406
13310;74365;5,587152517
13320;73100;5,487987988
13330;73287;5,497899475
13340;73176;5,485457271
13350;74064;5,547865169
13360;73207;5,479565868
13370;73609;5,505534779
13380;73334;5,480866966
13390;74138;5,536818521
13400;75157;5,608731343
13410;74536;5,558240119
